"RMSE","MAE","R^2"
0.034628645769896944,0.02744065387399299,0.9760232149999492
0.052013916758046605,0.04123870774215516,0.9459047602518305
0.5353181469844284,0.4864233166352571,-4.729858079710023
0.03987464348592006,0.03141492456702167,0.9682083140596761
